{"cameraMode":{"drawMode":0,"name":"Shaded","section":"Shading Mode"},"sceneLighting":true,"audioPlay":false,"sceneViewState":{"m_AlwaysRefresh":false,"showFog":true,"showSkybox":true,"showFlares":true,"showImageEffects":true,"showParticleSystems":true,"showVisualEffectGraphs":true,"m_FxEnabled":true},"in2DMode":false,"pivot":{"x":-19.965572357177736,"y":17.10570526123047,"z":-65.06675720214844},"rotation":{"x":0.08091361820697785,"y":-0.021266400814056398,"z":0.0011051006149500609,"w":0.9965865612030029},"size":2.559833526611328,"orthographic":false}