{"cameraMode":{"drawMode":0,"name":"Shaded","section":"Shading Mode"},"sceneLighting":false,"audioPlay":false,"sceneViewState":{"m_AlwaysRefresh":false,"showFog":true,"showSkybox":false,"showFlares":true,"showImageEffects":true,"showParticleSystems":true,"showVisualEffectGraphs":true,"m_FxEnabled":true},"in2DMode":false,"pivot":{"x":0.6909193992614746,"y":0.3253757953643799,"z":0.13159984350204469},"rotation":{"x":-0.30111250281333926,"y":0.031138543039560319,"z":-0.009876430034637452,"w":-0.9531169533729553},"size":2.4211807250976564,"orthographic":false}