{"cameraMode":{"drawMode":0,"name":"Shaded","section":"Shading Mode"},"sceneLighting":false,"audioPlay":false,"sceneViewState":{"m_AlwaysRefresh":false,"showFog":true,"showSkybox":false,"showFlares":true,"showImageEffects":true,"showParticleSystems":true,"showVisualEffectGraphs":true,"m_FxEnabled":true},"in2DMode":false,"pivot":{"x":0.017972886562347413,"y":1.1036386489868165,"z":-0.11974239349365235},"rotation":{"x":-0.021081939339637758,"y":0.9207161664962769,"z":-0.38657623529434206,"w":-0.05070986598730087},"size":1.9922292232513428,"orthographic":false}