{"cameraMode":{"drawMode":0,"name":"Shaded","section":"Shading Mode"},"sceneLighting":false,"audioPlay":false,"sceneViewState":{"m_AlwaysRefresh":false,"showFog":true,"showSkybox":false,"showFlares":true,"showImageEffects":true,"showParticleSystems":true,"showVisualEffectGraphs":true,"m_FxEnabled":true},"in2DMode":false,"pivot":{"x":0.15290451049804688,"y":-1.3500022888183594,"z":1.1429214477539063},"rotation":{"x":0.047951724380254748,"y":0.45259276032447817,"z":-0.024781230837106706,"w":0.8901464939117432},"size":87.06161499023438,"orthographic":false}